TestID	SampleID	Project	Sample	Region	Linker	LTR	fastq
test1_U3	test1	Siliciano	GTSP3034-4	U3	CGAACCCAGGCAATACTGTCNNNNNNNNNNNNCTCCGCTTAAGGGACT	AGATCCACAGATCAAGGATATCTTGTCTTCTTTGGGAGTGAATTAGCCCTTC	/home/kevin/dev/ltrparser/testdata/demo/fastq.gz/hivTest1_u3.R2.fastq.gz
test1_U5	test1	Siliciano	GTSP3034-4	U5	CGAACCCAGGCAATACTGTCNNNNNNNNNNNNCTCCGCTTAAGGGACT	TGTGACTCTGGTAACTAGAGATCCCTCAGACCCTTTTAGTCAGTGTGGAAAATCTCTAG	/home/kevin/dev/ltrparser/testdata/demo/fastq.gz/hivTest1_u5.R2.fastq.gz
test2_U3	test2	Jones	GTSP3588-1	U3	GTTGCCGAACATGACGGGATNNNNNNNNNNNNCTCCGCTTAAGGGACT	AGATCCACAGATCAAGGATATCTTGTCTTCTTTGGGAGTGAATTAGCCCTTC	/home/kevin/dev/ltrparser/testdata/demo/fastq.gz/hivTest2_u3.R2.fastq.gz
test2_U5	test2	Jones	GTSP3588-1	U5	GTTGCCGAACATGACGGGATNNNNNNNNNNNNCTCCGCTTAAGGGACT	TGTGACTCTGGTAACTAGAGATCCCTCAGACCCTTTTAGTCAGTGTGGAAAATCTCTAG	/home/kevin/dev/ltrparser/testdata/demo/fastq.gz/hivTest2_u5.R2.fastq.gz
test3_U3	test3	ODoherty	GTSP3456-1	U3	TACGCTATGTCGACCGTGACNNNNNNNNNNNNCTCCGCTTAAGGGACT	AGATCCACAGATCAAGGATATCTTGTCTTCTTTGGGAGTGAATTAGCCCTTC	/home/kevin/dev/ltrparser/testdata/demo/fastq.gz/hivTest3_u3.R2.fastq.gz
test3_U5	test3	ODoherty	GTSP3456-1	U5	TACGCTATGTCGACCGTGACNNNNNNNNNNNNCTCCGCTTAAGGGACT	TGTGACTCTGGTAACTAGAGATCCCTCAGACCCTTTTAGTCAGTGTGGAAAATCTCTAG	/home/kevin/dev/ltrparser/testdata/demo/fastq.gz/hivTest3_u5.R2.fastq.gz
test4_U3	test4	Scott	GTSP3518-1	U3	TCGAAAGGGCATCAACGCGANNNNNNNNNNNNCTCCGCTTAAGGGACT	AGATCCACAGATCAAGGATATCTTGTCTTCTTTGGGAGTGAATTAGCCCTTC	/home/kevin/dev/ltrparser/testdata/demo/fastq.gz/hivTest4_u3.R2.fastq.gz
test4_U5	test4	Scott	GTSP3518-1	U5	TCGAAAGGGCATCAACGCGANNNNNNNNNNNNCTCCGCTTAAGGGACT	TGTGACTCTGGTAACTAGAGATCCCTCAGACCCTTTTAGTCAGTGTGGAAAATCTCTAG	/home/kevin/dev/ltrparser/testdata/demo/fastq.gz/hivTest4_u5.R2.fastq.gz
test5_U3	test5	Blankson	GTSP3503-2	U3	CGCTCAAGGACTCTAGGTAGNNNNNNNNNNNNCTCCGCTTAAGGGACT	AGATCCACAGATCAAGGATATCTTGTCTTCTTTGGGAGTGAATTAGCCCTTC	/home/kevin/dev/ltrparser/testdata/demo/fastq.gz/hivTest5_u3.R2.fastq.gz
test5_U5	test5	Blankson	GTSP3503-2	U5	CGCTCAAGGACTCTAGGTAGNNNNNNNNNNNNCTCCGCTTAAGGGACT	TGTGACTCTGGTAACTAGAGATCCCTCAGACCCTTTTAGTCAGTGTGGAAAATCTCTAG	/home/kevin/dev/ltrparser/testdata/demo/fastq.gz/hivTest5_u5.R2.fastq.gz
test6_U3	test6	Vincent	H1-2	U3	CCGCTTAGTTTCGGACAGGTNNNNNNNNNNNNCTCCGCTTAAGGGACT	AGATCCACAGATCAAGGATATCTTGTCTTCTTTGGGAGTGAATTAGCCCTTC	/home/kevin/dev/ltrparser/testdata/demo/fastq.gz/hivTest6_u3.R2.fastq.gz
test6_U5	test6	Vincent	H1-2	U5	CCGCTTAGTTTCGGACAGGTNNNNNNNNNNNNCTCCGCTTAAGGGACT	TGTGACTCTGGTAACTAGAGATCCCTCAGACCCTTTTAGTCAGTGTGGAAAATCTCTAG	/home/kevin/dev/ltrparser/testdata/demo/fastq.gz/hivTest6_u5.R2.fastq.gz
test7_U3	test7	ODoherty	GTSP2314a	U3	TCGATACGTCTATTAGGGCACNNNNNNNNNNNNCTCCGCTTAAGGGACT	AGATCCACAGATCAAGGATATCTTGTCTTCTTTGGGAGTGAATTAGCCCTTC	/home/kevin/dev/ltrparser/testdata/demo/fastq.gz/hivTest7_u3.R2.fastq.gz
test7_U5	test7	ODoherty	GTSP2314a	U5	TCGATACGTCTATTAGGGCACNNNNNNNNNNNNCTCCGCTTAAGGGACT	TGTGACTCTGGTAACTAGAGATCCCTCAGACCCTTTTAGTCAGTGTGGAAAATCTCTAG	/home/kevin/dev/ltrparser/testdata/demo/fastq.gz/hivTest7_u5.R2.fastq.gz
test8_U3	test8	ODoherty	GTSP2314b	U3	CGGCAGTCAAATCAACCGGANNNNNNNNNNNNCTCCGCTTAAGGGACT	AGATCCACAGATCAAGGATATCTTGTCTTCTTTGGGAGTGAATTAGCCCTTC	/home/kevin/dev/ltrparser/testdata/demo/fastq.gz/hivTest8_u3.R2.fastq.gz
test8_U5	test8	ODoherty	GTSP2314b	U5	CGGCAGTCAAATCAACCGGANNNNNNNNNNNNCTCCGCTTAAGGGACT	TGTGACTCTGGTAACTAGAGATCCCTCAGACCCTTTTAGTCAGTGTGGAAAATCTCTAG	/home/kevin/dev/ltrparser/testdata/demo/fastq.gz/hivTest8_u5.R2.fastq.gz